SET check_function_bodies = false;
INSERT INTO public.companies (id, name) VALUES ('566e497d-08a9-49dd-84ee-30d9a2002718', 'First company');
INSERT INTO public.companies (id, name) VALUES ('3724df10-6d57-4f8a-88f1-fb07045de7a9', 'Second company');
INSERT INTO public.companies (id, name) VALUES ('d5d417a3-5c3e-4502-8b48-34ef2db4ad67', 'Third company');
INSERT INTO public.users (id, first_name, last_name, email, password) VALUES ('6a889836-7e34-4e06-a166-1bc893ed5e4a', 'Super', 'Admin', 'super.admin@transl.com', 'Transl2021');
INSERT INTO public.company_user_link (id, user_id, company_id) VALUES ('89a2516e-ac44-43e8-9a08-bc29e93fb769', '6a889836-7e34-4e06-a166-1bc893ed5e4a', '566e497d-08a9-49dd-84ee-30d9a2002718');
INSERT INTO public.company_user_link (id, user_id, company_id) VALUES ('0d691e55-22f3-45a9-952f-f14daac887af', '6a889836-7e34-4e06-a166-1bc893ed5e4a', '3724df10-6d57-4f8a-88f1-fb07045de7a9');
INSERT INTO public.projects (id, name, company_id) VALUES ('d171c5e8-b68f-43e5-81b0-fedef8926e6f', 'First project', '566e497d-08a9-49dd-84ee-30d9a2002718');
INSERT INTO public.projects (id, name, company_id) VALUES ('8a5995c6-f281-46b2-96d2-b6f69a2a543a', 'Second project', '566e497d-08a9-49dd-84ee-30d9a2002718');
INSERT INTO public.projects (id, name, company_id) VALUES ('f28b34ab-afdd-481e-84ab-d4845384c08c', 'Third project', '566e497d-08a9-49dd-84ee-30d9a2002718');
INSERT INTO public.projects (id, name, company_id) VALUES ('6aa1791d-ad11-4ecb-93b4-3e8df1abd9aa', 'Forth project', '3724df10-6d57-4f8a-88f1-fb07045de7a9');
INSERT INTO public.projects (id, name, company_id) VALUES ('0ff31a9c-dc5b-47c4-bce7-706817b32db1', 'Fifth project', '3724df10-6d57-4f8a-88f1-fb07045de7a9');
INSERT INTO public.projects (id, name, company_id) VALUES ('1f8a804a-f78a-43ab-8f16-e3aca086237a', 'Sixth project', '3724df10-6d57-4f8a-88f1-fb07045de7a9');
INSERT INTO public.projects (id, name, company_id) VALUES ('152e4a1b-e576-40cb-a2bb-99b811f1191f', 'Seventh project', '3724df10-6d57-4f8a-88f1-fb07045de7a9');
INSERT INTO public.projects (id, name, company_id) VALUES ('5a6a33c6-b72a-499b-9b12-d3831cd41ce7', 'Eight project', '3724df10-6d57-4f8a-88f1-fb07045de7a9');
INSERT INTO public.project_language (id, project_id, language_id) VALUES ('b3ccee60-0554-4d15-9180-ff96751fa363', 'd171c5e8-b68f-43e5-81b0-fedef8926e6f', 'dd09bf0c-6869-47f9-b457-b1a23672787a');
INSERT INTO public.translation_statuses (id, name, project_id) VALUES ('d8f4050b-3e69-4322-a89e-2bbb37fa13bc', 'CREATED', 'd171c5e8-b68f-43e5-81b0-fedef8926e6f');
INSERT INTO public.translation_statuses (id, name, project_id) VALUES ('e60a60e3-5ca2-44b4-a329-b48aa4a78d4d', 'TO_REVIEW', 'd171c5e8-b68f-43e5-81b0-fedef8926e6f');
INSERT INTO public.translation_statuses (id, name, project_id) VALUES ('05ba3326-b123-4b29-8769-d885606a10ef', 'APPROVED', 'd171c5e8-b68f-43e5-81b0-fedef8926e6f');
INSERT INTO public.translation_statuses (id, name, project_id) VALUES ('3cdeea39-74ea-482c-ae38-4cdd47c90dcf', 'TO_REVIEW', '8a5995c6-f281-46b2-96d2-b6f69a2a543a');
INSERT INTO public.translation_statuses (id, name, project_id) VALUES ('fca44c7c-27af-4f27-9043-e058f9e9d5f4', 'CREATED', '8a5995c6-f281-46b2-96d2-b6f69a2a543a');
INSERT INTO public.translation_statuses (id, name, project_id) VALUES ('8fcaca8e-b08f-414f-827f-acdd5f3629d2', 'APPROVED', '8a5995c6-f281-46b2-96d2-b6f69a2a543a');
INSERT INTO public.user_project_link (id, user_id, project_id) VALUES ('431db739-6b16-48f1-98df-8f60ec1882aa', '6a889836-7e34-4e06-a166-1bc893ed5e4a', 'd171c5e8-b68f-43e5-81b0-fedef8926e6f');
