SET check_function_bodies = false;

DELETE FROM public.companies WHERE TRUE;
DELETE FROM public.users WHERE TRUE;
DELETE FROM public.company_user_link WHERE TRUE;
DELETE FROM public.projects WHERE TRUE;
DELETE FROM public.branches WHERE TRUE;
DELETE FROM public.branch_languages WHERE TRUE;
DELETE FROM public.terms WHERE TRUE;
DELETE FROM public.translation_statuses WHERE TRUE;
DELETE FROM public.translations WHERE TRUE;
DELETE FROM public.user_project_link WHERE TRUE;

INSERT INTO public.companies (id, uuid, name) VALUES (1, '566e497d-08a9-49dd-84ee-30d9a2002718', 'First company');
INSERT INTO public.companies (id, uuid, name) VALUES (2, '3724df10-6d57-4f8a-88f1-fb07045de7a9', 'Second company');
INSERT INTO public.companies (id, uuid, name) VALUES (3, 'd5d417a3-5c3e-4502-8b48-34ef2db4ad67', 'Third company');
INSERT INTO public.users (id, uuid, first_name, last_name, email, password) VALUES (1, '6a889836-7e34-4e06-a166-1bc893ed5e4a', 'Super', 'Admin', 'super.admin@transl.com', 'Transl2021');
INSERT INTO public.company_user_link (id, uuid, user_id, company_id) VALUES (1, '89a2516e-ac44-43e8-9a08-bc29e93fb769', 1, 1);
INSERT INTO public.company_user_link (id, uuid, user_id, company_id) VALUES (2, '0d691e55-22f3-45a9-952f-f14daac887af', 1, 2);
INSERT INTO public.projects (id, uuid, name, company_id) VALUES (1, 'd171c5e8-b68f-43e5-81b0-fedef8926e6f', 'First project', 1);
INSERT INTO public.projects (id, uuid, name, company_id) VALUES (2, '8a5995c6-f281-46b2-96d2-b6f69a2a543a', 'Second project', 1);
INSERT INTO public.projects (id, uuid, name, company_id) VALUES (3, 'f28b34ab-afdd-481e-84ab-d4845384c08c', 'Third project', 1);
INSERT INTO public.projects (id, uuid, name, company_id) VALUES (4, '6aa1791d-ad11-4ecb-93b4-3e8df1abd9aa', 'Forth project', 2);
INSERT INTO public.projects (id, uuid, name, company_id) VALUES (5, '0ff31a9c-dc5b-47c4-bce7-706817b32db1', 'Fifth project', 2);
INSERT INTO public.projects (id, uuid, name, company_id) VALUES (6, '1f8a804a-f78a-43ab-8f16-e3aca086237a', 'Sixth project', 2);
INSERT INTO public.projects (id, uuid, name, company_id) VALUES (7, '152e4a1b-e576-40cb-a2bb-99b811f1191f', 'Seventh project', 3);
INSERT INTO public.projects (id, uuid, name, company_id) VALUES (8, '5a6a33c6-b72a-499b-9b12-d3831cd41ce7', 'Eight project', 3);
INSERT INTO public.branches (id, uuid, project_id, name) VALUES (1, 'e2c66684-515c-4b30-8215-f968a4d07d0c', 1, 'master');
INSERT INTO public.branches (id, uuid, project_id, name) VALUES (2, 'f9b2671a-a1ce-4a6d-9799-896971a0158c', 1, 'develop');
INSERT INTO public.branches (id, uuid, project_id, name) VALUES (3, 'bab3f7d7-bd6e-4449-a4fe-9ff52f1d9738', 2, 'master');
INSERT INTO public.branches (id, uuid, project_id, name) VALUES (4, '50daf340-1382-4a87-909d-d44575e70873', 3, 'master');
INSERT INTO public.branches (id, uuid, project_id, name) VALUES (5, '347bb0f2-7007-4f1f-81a4-9a3350bfc09a', 4, 'master');
INSERT INTO public.branches (id, uuid, project_id, name) VALUES (6, 'a55ef5f8-3beb-4856-985d-4e1a2f9f9e63', 5, 'master');
INSERT INTO public.branches (id, uuid, project_id, name) VALUES (7, 'ff86298c-e0ed-4be9-a151-449b57a766a9', 6, 'master');
INSERT INTO public.branches (id, uuid, project_id, name) VALUES (8, '500455c0-29ae-416f-acdf-d5a634311184', 7, 'master');
INSERT INTO public.branches (id, uuid, project_id, name) VALUES (9, '8eb9137c-187c-405a-9739-d9129bcb7fc2', 8, 'master');
INSERT INTO public.branch_languages (id, uuid, branch_id, language_id) VALUES (1, 'e5782ab8-1843-48b5-8588-1974b6a21569', 1, 46);
INSERT INTO public.branch_languages (id, uuid, branch_id, language_id) VALUES (2, '92599c98-03ef-444e-9aff-8db46838baf7', 1, 154);
INSERT INTO public.branch_languages (id, uuid, branch_id, language_id) VALUES (3, '2ed7fe28-7b8e-4ef5-89e4-5b67076add42', 2, 46);
INSERT INTO public.branch_languages (id, uuid, branch_id, language_id) VALUES (4, 'a8e0fe06-cf41-4b80-a736-15772d3b7826', 2, 154);
INSERT INTO public.terms (id, uuid, key, branch_id, description) VALUES (1, 'f59db10e-bd3d-44bc-af38-5b43c2df5f0e', 'button_login_label', 1, 'The text to appear on the login button');
INSERT INTO public.terms (id, uuid, key, branch_id, description) VALUES (2, 'fc8ed1b0-46b6-46f2-b5a4-dd063c017c8c', 'button_cancel_label', 1, 'Label to show on cancel buttons');
INSERT INTO public.translation_statuses (id, uuid, name, project_id) VALUES (1, 'd8f4050b-3e69-4322-a89e-2bbb37fa13bc', 'CREATED', 1);
INSERT INTO public.translation_statuses (id, uuid, name, project_id) VALUES (2, 'e60a60e3-5ca2-44b4-a329-b48aa4a78d4d', 'TO_REVIEW', 1);
INSERT INTO public.translation_statuses (id, uuid, name, project_id) VALUES (3, '05ba3326-b123-4b29-8769-d885606a10ef', 'APPROVED', 1);
INSERT INTO public.translation_statuses (id, uuid, name, project_id) VALUES (4, '3cdeea39-74ea-482c-ae38-4cdd47c90dcf', 'TO_REVIEW', 2);
INSERT INTO public.translation_statuses (id, uuid, name, project_id) VALUES (5, 'fca44c7c-27af-4f27-9043-e058f9e9d5f4', 'CREATED', 2);
INSERT INTO public.translation_statuses (id, uuid, name, project_id) VALUES (6, '8fcaca8e-b08f-414f-827f-acdd5f3629d2', 'APPROVED', 2);
INSERT INTO public.translations (id, uuid, term_id, translation_value, branch_language_id, status_id) VALUES (1, '355f283f-f669-420b-be16-6606368deb12', 1, 'Login', 1, NULL);
INSERT INTO public.translations (id, uuid, term_id, translation_value, branch_language_id, status_id) VALUES (2, 'a1799501-69bf-4942-8cda-537ac4a34d14', 2, 'Cancel', 1, NULL);
INSERT INTO public.translations (id, uuid, term_id, translation_value, branch_language_id, status_id) VALUES (3, 'd834e914-e71d-4812-a562-9991c33cc2b5', 1, 'Aanmelden', 2, NULL);
INSERT INTO public.translations (id, uuid, term_id, translation_value, branch_language_id, status_id) VALUES (4, '4eda2410-b28a-4ab7-9944-6b5c373a247f', 2, 'Annuleren', 2, NULL);
INSERT INTO public.translations (id, uuid, term_id, translation_value, branch_language_id, status_id) VALUES (5, '6f499ada-82fc-4263-8aff-0b88214802a3', 1, 'Login', 3, NULL);
INSERT INTO public.translations (id, uuid, term_id, translation_value, branch_language_id, status_id) VALUES (6, 'f12c0bff-c88e-4e14-a7fa-5291090534d7', 2, 'Cancel', 3, NULL);
INSERT INTO public.translations (id, uuid, term_id, translation_value, branch_language_id, status_id) VALUES (7, 'feb79e73-4c44-4c10-af7f-11e0d31a5107', 1, 'Aanmelden', 4, NULL);
INSERT INTO public.translations (id, uuid, term_id, translation_value, branch_language_id, status_id) VALUES (8, 'a4fd5665-cce4-4487-b86f-31164cc275b8', 2, 'Annuleren', 4, NULL);
INSERT INTO public.user_project_link (id, uuid, user_id, project_id) VALUES (1, '431db739-6b16-48f1-98df-8f60ec1882aa', 1, 1);

SELECT setval(pg_get_serial_sequence('companies', 'id'), coalesce(max(id)+1, 1), false) FROM public.companies;
SELECT setval(pg_get_serial_sequence('users', 'id'), coalesce(max(id)+1, 1), false) FROM public.users;
SELECT setval(pg_get_serial_sequence('company_user_link', 'id'), coalesce(max(id)+1, 1), false) FROM public.company_user_link;
SELECT setval(pg_get_serial_sequence('projects', 'id'), coalesce(max(id)+1, 1), false) FROM public.projects;
SELECT setval(pg_get_serial_sequence('branches', 'id'), coalesce(max(id)+1, 1), false) FROM public.branches;
SELECT setval(pg_get_serial_sequence('branch_languages', 'id'), coalesce(max(id)+1, 1), false) FROM public.branch_languages;
SELECT setval(pg_get_serial_sequence('terms', 'id'), coalesce(max(id)+1, 1), false) FROM public.terms;
SELECT setval(pg_get_serial_sequence('translation_statuses', 'id'), coalesce(max(id)+1, 1), false) FROM public.translation_statuses;
SELECT setval(pg_get_serial_sequence('translations', 'id'), coalesce(max(id)+1, 1), false) FROM public.translations;
SELECT setval(pg_get_serial_sequence('user_project_link', 'id'), coalesce(max(id)+1, 1), false) FROM public.user_project_link;

