SET check_function_bodies = false;
INSERT INTO public.companies (id, uuid, name) VALUES (1, '566e497d-08a9-49dd-84ee-30d9a2002718', 'First company');
INSERT INTO public.companies (id, uuid, name) VALUES (2, '3724df10-6d57-4f8a-88f1-fb07045de7a9', 'Second company');
INSERT INTO public.companies (id, uuid, name) VALUES (3, 'd5d417a3-5c3e-4502-8b48-34ef2db4ad67', 'Third company');
INSERT INTO public.projects (id, uuid, name, company_id) VALUES (1, 'd171c5e8-b68f-43e5-81b0-fedef8926e6f', 'First project', 1);
INSERT INTO public.projects (id, uuid, name, company_id) VALUES (2, '8a5995c6-f281-46b2-96d2-b6f69a2a543a', 'Second project', 1);
INSERT INTO public.projects (id, uuid, name, company_id) VALUES (3, 'f28b34ab-afdd-481e-84ab-d4845384c08c', 'Third project', 1);
INSERT INTO public.projects (id, uuid, name, company_id) VALUES (4, '6aa1791d-ad11-4ecb-93b4-3e8df1abd9aa', 'Forth project', 2);
INSERT INTO public.projects (id, uuid, name, company_id) VALUES (5, '0ff31a9c-dc5b-47c4-bce7-706817b32db1', 'Fifth project', 2);
INSERT INTO public.projects (id, uuid, name, company_id) VALUES (6, '1f8a804a-f78a-43ab-8f16-e3aca086237a', 'Sixth project', 2);
INSERT INTO public.projects (id, uuid, name, company_id) VALUES (7, '152e4a1b-e576-40cb-a2bb-99b811f1191f', 'Seventh project', 3);
INSERT INTO public.projects (id, uuid, name, company_id) VALUES (8, '5a6a33c6-b72a-499b-9b12-d3831cd41ce7', 'Eight project', 3);
INSERT INTO public.branches (id, uuid, project_id, name, created_at) VALUES (3, 'bab3f7d7-bd6e-4449-a4fe-9ff52f1d9738', 2, 'master', '2022-01-01 14:32:40.085086');
INSERT INTO public.branches (id, uuid, project_id, name, created_at) VALUES (4, '50daf340-1382-4a87-909d-d44575e70873', 3, 'master', '2022-01-01 14:32:40.085086');
INSERT INTO public.branches (id, uuid, project_id, name, created_at) VALUES (5, '347bb0f2-7007-4f1f-81a4-9a3350bfc09a', 4, 'master', '2022-01-01 14:32:40.085086');
INSERT INTO public.branches (id, uuid, project_id, name, created_at) VALUES (6, 'a55ef5f8-3beb-4856-985d-4e1a2f9f9e63', 5, 'master', '2022-01-01 14:32:40.085086');
INSERT INTO public.branches (id, uuid, project_id, name, created_at) VALUES (7, 'ff86298c-e0ed-4be9-a151-449b57a766a9', 6, 'master', '2022-01-01 14:32:40.085086');
INSERT INTO public.branches (id, uuid, project_id, name, created_at) VALUES (8, '500455c0-29ae-416f-acdf-d5a634311184', 7, 'master', '2022-01-01 14:32:40.085086');
INSERT INTO public.branches (id, uuid, project_id, name, created_at) VALUES (9, '8eb9137c-187c-405a-9739-d9129bcb7fc2', 8, 'master', '2022-01-01 14:32:40.085086');
INSERT INTO public.branches (id, uuid, project_id, name, created_at) VALUES (11, '2fda8bb7-6ce8-483a-9bf8-5f9c405377af', 1, 'develop2', '2022-01-01 14:35:06.366368');
INSERT INTO public.branches (id, uuid, project_id, name, created_at) VALUES (12, '18a822ef-a4f7-4505-a0de-67b714d2b942', 1, 'testing2', '2022-01-01 14:36:26.459649');
INSERT INTO public.branches (id, uuid, project_id, name, created_at) VALUES (13, 'debd7cad-3ac8-4411-b1a9-ae3547f9d1ae', 1, 'develop3', '2022-01-01 20:20:56.700419');
INSERT INTO public.branches (id, uuid, project_id, name, created_at) VALUES (14, '441af7f9-59d7-486d-aab5-e183cb5cf53f', 1, 'testing3', '2022-01-01 20:34:54.521906');
INSERT INTO public.branches (id, uuid, project_id, name, created_at) VALUES (1, 'e2c66684-515c-4b30-8215-f968a4d07d0c', 1, 'master', '2021-12-01 14:32:40');
INSERT INTO public.branches (id, uuid, project_id, name, created_at) VALUES (2, 'f9b2671a-a1ce-4a6d-9799-896971a0158c', 1, 'develop', '2021-12-02 14:32:40');
INSERT INTO public.branches (id, uuid, project_id, name, created_at) VALUES (10, 'f382d80b-690f-42e5-810f-996be7fcf6f9', 1, 'testing', '2021-12-03 14:32:40');
INSERT INTO public.branch_ancestors (id, uuid, branch_id, ancestor_branch_id, ancestor_level, ancestor_child_branch_id) VALUES (7, '3fef26ab-c367-45a6-a860-4ec1ac559189', 1, 1, 0, NULL);
INSERT INTO public.branch_ancestors (id, uuid, branch_id, ancestor_branch_id, ancestor_level, ancestor_child_branch_id) VALUES (8, 'bc73c52b-0801-4c0c-9727-5a5045f1afdc', 2, 2, 0, NULL);
INSERT INTO public.branch_ancestors (id, uuid, branch_id, ancestor_branch_id, ancestor_level, ancestor_child_branch_id) VALUES (9, '8442cc32-648a-4839-a144-813cefd23d35', 10, 10, 0, NULL);
INSERT INTO public.branch_ancestors (id, uuid, branch_id, ancestor_branch_id, ancestor_level, ancestor_child_branch_id) VALUES (10, '9e1e267e-f33a-4124-8bda-443ddbbb6976', 11, 11, 0, NULL);
INSERT INTO public.branch_ancestors (id, uuid, branch_id, ancestor_branch_id, ancestor_level, ancestor_child_branch_id) VALUES (11, '062a8da6-bcc9-49e3-8af7-527eee89679f', 12, 12, 0, NULL);
INSERT INTO public.branch_ancestors (id, uuid, branch_id, ancestor_branch_id, ancestor_level, ancestor_child_branch_id) VALUES (1, '0cf35452-c1f5-4b1e-af95-1257b3592140', 2, 1, 1, 2);
INSERT INTO public.branch_ancestors (id, uuid, branch_id, ancestor_branch_id, ancestor_level, ancestor_child_branch_id) VALUES (3, '1426d134-c51d-408a-8b8f-8f0082edf663', 10, 1, 2, 2);
INSERT INTO public.branch_ancestors (id, uuid, branch_id, ancestor_branch_id, ancestor_level, ancestor_child_branch_id) VALUES (2, 'f1589280-7ccc-46fc-9081-71e85c2aaee4', 10, 2, 1, 10);
INSERT INTO public.branch_ancestors (id, uuid, branch_id, ancestor_branch_id, ancestor_level, ancestor_child_branch_id) VALUES (4, '1bc85772-589c-4fd7-91b6-2e6115d4cb61', 11, 1, 1, 11);
INSERT INTO public.branch_ancestors (id, uuid, branch_id, ancestor_branch_id, ancestor_level, ancestor_child_branch_id) VALUES (6, '27738e26-6954-421d-a85e-360c21bf23e5', 12, 1, 2, 11);
INSERT INTO public.branch_ancestors (id, uuid, branch_id, ancestor_branch_id, ancestor_level, ancestor_child_branch_id) VALUES (5, '4410994d-ff45-4d05-ae30-b1d0019e5703', 12, 11, 1, 12);
INSERT INTO public.branch_languages (id, uuid, branch_id, language_id) VALUES (1, 'e5782ab8-1843-48b5-8588-1974b6a21569', 1, 46);
INSERT INTO public.branch_languages (id, uuid, branch_id, language_id) VALUES (2, '92599c98-03ef-444e-9aff-8db46838baf7', 1, 154);
INSERT INTO public.branch_languages (id, uuid, branch_id, language_id) VALUES (3, '2ed7fe28-7b8e-4ef5-89e4-5b67076add42', 2, 46);
INSERT INTO public.branch_languages (id, uuid, branch_id, language_id) VALUES (4, 'a8e0fe06-cf41-4b80-a736-15772d3b7826', 2, 154);
INSERT INTO public.users (id, uuid, first_name, last_name, email, password) VALUES (1, '6a889836-7e34-4e06-a166-1bc893ed5e4a', 'Super', 'Admin', 'super.admin@transl.com', 'Transl2021');
INSERT INTO public.company_user_link (id, uuid, user_id, company_id) VALUES (1, '89a2516e-ac44-43e8-9a08-bc29e93fb769', 1, 1);
INSERT INTO public.company_user_link (id, uuid, user_id, company_id) VALUES (2, '0d691e55-22f3-45a9-952f-f14daac887af', 1, 2);
INSERT INTO public.translation_statuses (id, uuid, name, project_id) VALUES (1, 'd8f4050b-3e69-4322-a89e-2bbb37fa13bc', 'CREATED', 1);
INSERT INTO public.translation_statuses (id, uuid, name, project_id) VALUES (2, 'e60a60e3-5ca2-44b4-a329-b48aa4a78d4d', 'TO_REVIEW', 1);
INSERT INTO public.translation_statuses (id, uuid, name, project_id) VALUES (3, '05ba3326-b123-4b29-8769-d885606a10ef', 'APPROVED', 1);
INSERT INTO public.translation_statuses (id, uuid, name, project_id) VALUES (4, '3cdeea39-74ea-482c-ae38-4cdd47c90dcf', 'TO_REVIEW', 2);
INSERT INTO public.translation_statuses (id, uuid, name, project_id) VALUES (5, 'fca44c7c-27af-4f27-9043-e058f9e9d5f4', 'CREATED', 2);
INSERT INTO public.translation_statuses (id, uuid, name, project_id) VALUES (6, '8fcaca8e-b08f-414f-827f-acdd5f3629d2', 'APPROVED', 2);
INSERT INTO public.translations (id, uuid, term_id, translation_value, branch_language_id, status_id, created_at) VALUES (1, '355f283f-f669-420b-be16-6606368deb12', 1, 'Login', 1, NULL, '2022-01-02 14:00:19.002221');
INSERT INTO public.translations (id, uuid, term_id, translation_value, branch_language_id, status_id, created_at) VALUES (2, 'a1799501-69bf-4942-8cda-537ac4a34d14', 2, 'Cancel', 1, NULL, '2022-01-02 14:00:19.002221');
INSERT INTO public.translations (id, uuid, term_id, translation_value, branch_language_id, status_id, created_at) VALUES (3, 'd834e914-e71d-4812-a562-9991c33cc2b5', 1, 'Aanmelden', 2, NULL, '2022-01-02 14:00:19.002221');
INSERT INTO public.translations (id, uuid, term_id, translation_value, branch_language_id, status_id, created_at) VALUES (4, '4eda2410-b28a-4ab7-9944-6b5c373a247f', 2, 'Annuleren', 2, NULL, '2022-01-02 14:00:19.002221');
INSERT INTO public.translations (id, uuid, term_id, translation_value, branch_language_id, status_id, created_at) VALUES (10, 'c7bb2923-298b-49f7-a652-85d0ba8baa24', 5, 'Terug', 2, NULL, '2022-01-02 14:00:19.002221');
INSERT INTO public.user_project_link (id, uuid, user_id, project_id) VALUES (1, '431db739-6b16-48f1-98df-8f60ec1882aa', 1, 1);
SELECT pg_catalog.setval('public.branch_ancestors_id_seq', 11, true);
SELECT pg_catalog.setval('public.branches_id_seq', 14, true);
SELECT pg_catalog.setval('public.companies_id_seq', 4, false);
SELECT pg_catalog.setval('public.company_user_link_id_seq', 3, false);
SELECT pg_catalog.setval('public.project_languages_id_seq', 5, false);
SELECT pg_catalog.setval('public.projects_id_seq', 9, false);
SELECT pg_catalog.setval('public.translation_statuses_id_seq', 7, false);
SELECT pg_catalog.setval('public.translations_id_seq', 10, true);
SELECT pg_catalog.setval('public.user_project_link_id_seq', 2, false);
SELECT pg_catalog.setval('public.users_id_seq', 2, false);
